[
  {
    "username": "test2",
    "password": "Testare34",
    "totalReviews": 0,
    "experienceLevel": 0,
    "reviews": []
  },
  {
    "username": "Luca",
    "password": "Lucaval123",
    "totalReviews": 0,
    "experienceLevel": 0,
    "reviews": []
  },
  {
    "username": "test",
    "password": "Testare23",
    "totalReviews": 0,
    "experienceLevel": 0,
    "reviews": []
  },
  {
    "username": "Carletto",
    "password": "Leclerc1",
    "totalReviews": 0,
    "experienceLevel": 0,
    "reviews": []
  },
  {
    "username": "paolo",
    "password": "Paolo1234",
    "totalReviews": 40,
    "experienceLevel": 40,
    "reviews": []
  }
]