[
  {
    "username": "TestFinal",
    "password": "Password45",
    "totalReviews": 0,
    "experienceLevel": 0,
    "reviews": []
  },
  {
    "username": "test2",
    "password": "Testare34",
    "totalReviews": 0,
    "experienceLevel": 0,
    "reviews": []
  },
  {
    "username": "Luca",
    "password": "Lucaval123",
    "totalReviews": 0,
    "experienceLevel": 0,
    "reviews": []
  },
  {
    "username": "User",
    "password": "Password123",
    "totalReviews": 0,
    "experienceLevel": 0,
    "reviews": []
  },
  {
    "username": "test",
    "password": "Testare23",
    "totalReviews": 0,
    "experienceLevel": 0,
    "reviews": []
  },
  {
    "username": "Carletto",
    "password": "Leclerc1",
    "totalReviews": 4,
    "experienceLevel": 1,
    "reviews": [
      {
        "positionScore": 5,
        "cleanlinessScore": 5,
        "serviceScore": 5,
        "priceScore": 4
      },
      {
        "positionScore": 5,
        "cleanlinessScore": 5,
        "serviceScore": 5,
        "priceScore": 5
      },
      {
        "positionScore": 4,
        "cleanlinessScore": 4,
        "serviceScore": 4,
        "priceScore": 4
      },
      {
        "positionScore": 4,
        "cleanlinessScore": 4,
        "serviceScore": 5,
        "priceScore": 3
      },
      {
        "positionScore": 5,
        "cleanlinessScore": 5,
        "serviceScore": 5,
        "priceScore": 5
      },
      {
        "positionScore": 5,
        "cleanlinessScore": 5,
        "serviceScore": 5,
        "priceScore": 5
      },
      {
        "positionScore": 5,
        "cleanlinessScore": 5,
        "serviceScore": 5,
        "priceScore": 5
      }
    ]
  },
  {
    "username": "paolo",
    "password": "Paolo1234",
    "totalReviews": 40,
    "experienceLevel": 40,
    "reviews": []
  },
  {
    "username": "Antonio",
    "password": "Password123",
    "totalReviews": 1,
    "experienceLevel": 4,
    "reviews": [
      {
        "positionScore": 5,
        "cleanlinessScore": 5,
        "serviceScore": 5,
        "priceScore": 5
      },
      {
        "positionScore": 5,
        "cleanlinessScore": 5,
        "serviceScore": 5,
        "priceScore": 5
      },
      {
        "positionScore": 2,
        "cleanlinessScore": 2,
        "serviceScore": 2,
        "priceScore": 2
      },
      {
        "positionScore": 5,
        "cleanlinessScore": 5,
        "serviceScore": 5,
        "priceScore": 5
      }
    ]
  }
]